﻿<?xml version="1.0"?>
<Template>
	<TemplateConfiguration>
		<_Name>Prism Unity App</_Name>
		<Image id="prism-project-xamarin-forms"/>
		<Icon>md-project</Icon>
		<_Category>crossplat/app/forms</_Category>
		<LanguageName>C#</LanguageName>
	    <SupportedParameters>CrossPlatIdentifiers, TargetPlatform, SharedCode</SupportedParameters>
		<Wizard>Xamarin.Forms.ProjectTemplateWizard</Wizard>
		<_Description>Creates a Xamarin.Forms app using a Shared Project or Portable Class Library using Prism and Unity.</_Description>
	</TemplateConfiguration>
	<Actions>
	</Actions>

	<Combine name="${ProjectName}" directory=".">
		<Options>
			<StartupProject>${ProjectName}.iOS</StartupProject>
		</Options>

		<Actions>
			<Open filename = "App.xaml.cs"/>
		</Actions>

		<Project name = "${ProjectName}" directory = "." type = "SharedAssetsProject" if = "CreateSharedAssetsProject">
			<Files>
				<File name="App.xaml" 
					  BuildAction="EmbeddedResource"
					  CustomTool="MSBuild:UpdateDesignTimeXaml"
					  src="UnityApp/App.xaml"/>
	        	<File name="App.xaml.cs" 
	        	  	  DependsOn="App.xaml" 
	        	  	  src="UnityApp/App.xaml.cs"/>

	        	<Directory name="Views">
	        		<File name="MainPage.xaml" 
						  BuildAction="EmbeddedResource"
						  CustomTool="MSBuild:UpdateDesignTimeXaml"
						  src="UnityApp/MainPage.xaml"/>
	        		<File name="MainPage.xaml.cs" 
		        	  	  DependsOn="MainPage.xaml" 
		        	  	  src="UnityApp/MainPage.xaml.cs"/>
	        	</Directory>

	        	<Directory name="ViewModels">
	        		<File name="MainPageViewModel.cs" src="UnityApp/MainPageViewModel.cs" />
	        	</Directory>
			</Files>
		</Project>

		<Project name = "${ProjectName}" directory = "." type = "C#PortableLibrary" if = "CreatePortableDotNetProject" >
			<Options Target = "Library" TargetFrameworkVersion = ".NETPortable,Version=v4.5,Profile=Profile78"/>
			<Files>

				<FileTemplateReference TemplateID="CSharpAssemblyInfo" name="AssemblyInfo.cs" />

				<File name="App.xaml" 
					  BuildAction="EmbeddedResource"
					  CustomTool="MSBuild:UpdateDesignTimeXaml"
					  src="UnityApp/App.xaml"/>
	        	<File name="App.xaml.cs" 
	        	  	  DependsOn="App.xaml" 
	        	  	  src="UnityApp/App.xaml.cs"/>

	        	<Directory name="Views">
	        		<File name="MainPage.xaml" 
						  BuildAction="EmbeddedResource"
						  CustomTool="MSBuild:UpdateDesignTimeXaml"
						  src="UnityApp/MainPage.xaml"/>
	        		<File name="MainPage.xaml.cs" 
		        	  	  DependsOn="MainPage.xaml" 
		        	  	  src="UnityApp/MainPage.xaml.cs"/>
	        	</Directory>

	        	<Directory name="ViewModels">
	        		<File name="MainPageViewModel.cs" src="UnityApp/MainPageViewModel.cs" />
	        	</Directory>

			</Files>
			<Packages>
				<Package Id="Xamarin.Forms" Version="2.3.1.114"/> 
				<Package ID="Xamarin.Insights" Version="1.12.3" if="AddInsightsNuget"/>
				<Package Id="Prism.Core" Version="6.2.0"/>
				<Package Id="Prism.Forms" Version="6.2.0"/>
				<Package Id="Prism.Unity.Forms" Version="6.2.0"/>
			</Packages>
		</Project>

		<Project name = "${ProjectName}.iOS" directory = "./${ProjectName}.iOS" namespace="${ProjectName}" type = "XamarinIOS" if = "CreateMonoTouchProject">
			<Options TargetFrameworkVersion = "Xamarin.iOS,Version=v1.0" DefineConstantsDebug="ENABLE_TEST_CLOUD" />
			<References>
				<Reference type="Gac" refto="System, Version=2.0.5.0, Culture=neutral, PublicKeyToken=7cec85d7bea7798e" />
				<Reference type="Gac" refto="System.Xml, Version=2.0.5.0, Culture=neutral, PublicKeyToken=7cec85d7bea7798e" />
				<Reference type="Gac" refto="System.Core, Version=2.0.5.0, Culture=neutral, PublicKeyToken=7cec85d7bea7798e" />
				<Reference type="Gac" refto="Xamarin.iOS" />
				<Reference type="Project" refto="${ProjectName}"/>
			</References>
			<Files>
				<Directory name="Resources">
					<Directory name="Images.xcassets">
						<Directory name="AppIcons.appiconset">
							<RawFile name="Contents.json" SuppressAutoOpen="False" BuildAction="ImageAsset" src="UnityApp.iOS/AppIcons/AppIcons.json" />
						</Directory>
					</Directory>
					<File name="LaunchScreen.xib" AddStandardHeader="False" SuppressAutoOpen="True" src="UnityApp.iOS/LaunchScreen.xib" />
				</Directory>
				<File name="Info.plist" AddStandardHeader="False" src="UnityApp.iOS/Info_Universal.plist.xml" />
				<File name="Entitlements.plist" AddStandardHeader="False" src="UnityApp.iOS/Entitlements.plist.xml" />
				<File name="Main.cs" AddStandardHeader="True" src="UnityApp.iOS/Main.cs" />
				<File name="AppDelegate.cs" AddStandardHeader="True" src="UnityApp.iOS/AppDelegate.cs" />
			
			</Files>
			<Packages>
				<Package Id="Xamarin.Forms" Version="2.3.1.114"/>
				<Package ID="Xamarin.TestCloud.Agent" Version="0.16.2" if="CreateUITestProject"/>
				<Package Id="Prism.Core" Version="6.2.0"/>
				<Package Id="Prism.Forms" Version="6.2.0"/>
				<Package Id="Prism.Unity.Forms" Version="6.2.0"/>
			</Packages>
		</Project>

		<Project name = "${ProjectName}.Droid" directory = "./${ProjectName}.Droid" namespace="${ProjectName}" type = "MonoDroid" if = "CreateAndroidProject">
			<Options
				AndroidApplication="true"
				AndroidResgenFile="Resources/Resource.designer.cs"
				AndroidResgenClass="Resource"
				AndroidUseLatestPlatformSdk="True" />
			<References>
				<Reference type="Gac" refto="System, Version=2.0.5.0, Culture=neutral, PublicKeyToken=7cec85d7bea7798e" />
				<Reference type="Gac" refto="System.Xml, Version=2.0.5.0, Culture=neutral, PublicKeyToken=7cec85d7bea7798e" />
				<Reference type="Gac" refto="System.Core, Version=2.0.5.0, Culture=neutral, PublicKeyToken=7cec85d7bea7798e" />
				<Reference type="Gac" refto="Mono.Android" />
				<Reference type="Project" refto="${ProjectName}"/>
			</References>
			<Files>
				<File name="MainActivity.cs" src="UnityApp.Droid/MainActivity.cs" />
				<Directory name="Resources">
					<File name="Resource.designer.cs" src="UnityApp.Droid/Resource.cs" />
					<RawFile name="AboutResources.txt" src="UnityApp.Droid/AboutResources.txt" />
					<Directory name="layout">
					</Directory>
					<Directory name="values">
					</Directory>
					<Directory name ="drawable">
						<RawFile name="icon.png" src="UnityApp.Droid/icondrawable.png" />
					</Directory>
					<Directory name ="drawable-hdpi">
						<RawFile name="icon.png" src="UnityApp.Droid/icondrawablehdpi.png" />
					</Directory>
					<Directory name ="drawable-xhdpi">
						<RawFile name="icon.png" src="UnityApp.Droid/icondrawablexhdpi.png" />
					</Directory>
					<Directory name ="drawable-xxhdpi">
						<RawFile name="icon.png" src="UnityApp.Droid/icondrawablexxhdpi.png" />
					</Directory>
				</Directory>
				<Directory name="Properties">
					<File name="AssemblyInfo.cs" src="UnityApp.Droid/AssemblyInfo.cs" />
					<File name="AndroidManifest.xml" AddStandardHeader="False" src="UnityApp.Droid/AndroidManifest.xml" BuildAction="None" />
				</Directory>
				<Directory name="Assets">
					<RawFile name="AboutAssets.txt" src="UnityApp.Droid/AboutAssets.txt" BuildAction="None" />
				</Directory>
			</Files>
			<Packages>
				<Package Id="Xamarin.Android.Support.v4" Version="23.3.0" />
				<Package Id="Xamarin.Forms" Version="2.3.1.114"/> 
				<Package Id="Prism.Core" Version="6.2.0"/>
				<Package Id="Prism.Forms" Version="6.2.0"/>
				<Package Id="Prism.Unity.Forms" Version="6.2.0"/>
			</Packages>
		</Project>

		<Project name = "${ProjectName}.UITests" directory = "./${ProjectName}.UITests" if = "CreateUITestProject">
			<Options Target = "Library" />
			
			<References>
				<Reference type="Package" refto="System, Version=1.0.5000.0, Culture=neutral, PublicKeyToken=b77a5c561934e089" />
				<Reference type="Project" refto="${ProjectName}.iOS" LocalCopy = "false" ReferenceOutputAssembly = "false" if = "CreateMonoTouchProject" />
				<Reference type="Project" refto="${ProjectName}.Droid" LocalCopy = "false" ReferenceOutputAssembly = "false" if = "CreateAndroidProject" />
			</References>

			<Files>
				<File name="Tests.cs" src="UnityApp.UITests/UITests.AppProject.cs" if = "CreateCrossPlatformUITest" />
				<File name="Tests.cs" src="UnityApp.UITests/UITests.AppProject.Android.cs" if = "CreateAndroidUITest" />
				<File name="Tests.cs" src="UnityApp.UITests/UITests.AppProject.iOS.cs" if = "CreateiOSUITest" />
				<File name="AppInitializer.cs" src="UnityApp.UITests/AppInitializer.AppProject.cs" if = "CreateCrossPlatformUITest" />
			</Files>

			<Packages>
				<Package ID="NUnit" Version="3.2.1" />
				<Package ID="Xamarin.UITest" Version="1.3.8" />
			</Packages>
		</Project>

	</Combine>

</Template>
