﻿<?xml version="1.0" encoding="UTF-8"?>
<Template>
	<TemplateConfiguration>
		<_Name>Prism NavigationPage</_Name>
		<Icon>md-xml-file-icon</Icon>
		<_Category>Prism</_Category>
		<LanguageName>C#</LanguageName>
		<_Description>Creates a Xamarin.Forms NavigationPage with Prism ViewModelLocator</_Description>
	</TemplateConfiguration>
	
	<TemplateFiles>
		<File name="${Name}.xaml" 
			  DefaultExtension=".xaml" 
			  AddStandardHeader="False" 
			  BuildAction="EmbeddedResource"
			  CustomTool="MSBuild:UpdateDesignTimeXaml"
			  src="PrismNavigationPage.xaml"/>
        <File name="${Name}.xaml.cs" 
        	  DependsOn="${Name}.xaml" 
        	  AddStandardHeader="True"
        	  src="PrismNavigationPage.xaml.cs"/>
	</TemplateFiles>

</Template>
